{
  "name": "platforms-catalogue-app",
  "version": "0.0.1",
  "description": "",
  "author": "",
  "license": "MIT",
  "main": "main.js",
  "scripts": {
    "start": "npm install && cd server/server/src/  && ls && node main.js"
  },
  "dependencies": {
    "@nest-middlewares/cors": "^6.0.0",
    "@nest-middlewares/express-session": "^6.0.0",
    "@nest-middlewares/helmet": "^6.0.0",
    "@nestjs/common": "^6.0.0",
    "@nestjs/core": "^6.0.0",
    "@nestjs/passport": "^6.0.0",
    "@nestjs/platform-express": "^6.0.0",
    "@types/morgan": "^1.7.35",
    "class-transformer": "^0.2.0",
    "class-validator": "^0.9.1",
    "documentdb-session": "^1.0.1",
    "dotenv": "^7.0.0",
    "ejs": "^2.6.1",
    "jsonwebtoken": "^8.5.1",
    "morgan": "^1.9.1",
    "nest-morgan": "^1.0.0",
    "passport": "^0.4.0",
    "passport-openidconnect": "^0.0.2",
    "reflect-metadata": "^0.1.12",
    "rimraf": "^2.6.2",
    "rxjs": "^6.5.1",
    "rxjs-compat": "^6.5.1",
    "uuid": "^3.3.2"
  },
  "devDependencies": {
    "@nestjs/testing": "^6.0.0",
    "@types/dotenv": "^6.1.1",
    "@types/express": "^4.16.0",
    "@types/jest": "^23.3.13",
    "@types/node": "^10.12.18",
    "@types/supertest": "^2.0.7",
    "jest": "^23.6.0",
    "nodemon": "^1.18.9",
    "prettier": "^1.17.0",
    "supertest": "^3.4.1",
    "ts-jest": "^23.10.5",
    "ts-node": "^7.0.1",
    "tsconfig-paths": "^3.7.0",
    "tslint": "5.12.1",
    "typescript": "^3.2.4"
  },
  "jest": {
    "moduleFileExtensions": ["js", "json", "ts"],
    "rootDir": "src",
    "testRegex": ".spec.ts$",
    "transform": {
      "^.+\\.(t|j)s$": "ts-jest"
    },
    "coverageDirectory": "../coverage",
    "testEnvironment": "node"
  }
}
