{
	"swagger": "2.0",
	"info": {
		"description": "This is the Search API for GSK.  It is a reduced set of API calls that are available to the user (vs a developer).",
		"version": "1.0.0",
		"title": "Search API"
	},
	"host": "api.gsk.com",
	"basePath": "/tools/search",
	"tags": [
		{
			"name": "source-api-controller",
			"description": "Source Api Controller"
		},
		{
			"name": "query-api-controller",
			"description": "Query Controller"
		},
		{
			"name": "health-check-api-controller",
			"description": "Health Check Controller"
		}
	],
	"schemes": [
		"https"
	],
	"paths": {
		"/healthcheck": {
			"get": {
				"tags": [
					"health-check-api-controller"
				],
				"summary": "Retrieve a health status",
				"operationId": "getServicesHealthCheck",
				"produces": [
					"application/json;charset=UTF-8"
				],
				"parameters": [],
				"responses": {
					"200": {
						"description": "OK",
						"schema": {
							"$ref": "#/definitions/HealthStatusResponse"
						}
					},
					"401": {
						"description": "Unauthorized"
					},
					"403": {
						"description": "Forbidden"
					},
					"404": {
						"description": "Not Found"
					}
				},
				"security": [
					{
						"Bearer": []
					}
				],
				"x-swagger-router-controller": "HealthCheckApiController"
			}
		},
		"/sources": {
			"get": {
				"tags": [
					"source-api-controller"
				],
				"summary": "Retrieve a list of sources",
				"operationId": "getSourcesList",
				"produces": [
					"application/json;charset=UTF-8"
				],
				"parameters": [],
				"responses": {
					"200": {
						"description": "OK",
						"schema": {
							"$ref": "#/definitions/SourceList"
						}
					},
					"401": {
						"description": "Unauthorized"
					},
					"403": {
						"description": "Forbidden"
					},
					"404": {
						"description": "Not Found"
					}
				},
				"security": [
					{
						"Bearer": []
					}
				],
				"x-swagger-router-controller": "SourceApiController"
			}
		},
		"/query": {
			"get": {
				"tags": [
					"query-api-controller"
				],
				"summary": "Perform a search query",
				"operationId": "performQuerySearch",
				"produces": [
					"application/json;charset=UTF-8"
				],
				"parameters": [
					{
						"name": "q",
						"in": "query",
						"description": "Query String",
						"required": true,
						"type": "string"
					},
					{
						"name": "src",
						"in": "query",
						"description": "A list of pipe-delimited source keys (src=<key0>|<key1>|...<keyN>)",
						"required": true,
						"type": "string"
					},
					{
						"name": "limit",
						"in": "query",
						"description": "Total number of search results to return",
						"required": false,
						"type": "integer",
						"default": 100
					},
					{
						"name": "dateRestrict",
						"in": "query",
						"description": "Restrict results to specified date restrictions {minD,maxD}, where “minD” is minimum days since today and “maxD” for max days past today. For e.g. minD=-5 means since last 5 days. Assuming today is Sep 10, dateRestrict=-10,-5 will give you results modified between Sep 1 and Sep 5. To use today use 0. For same example above, dateRestrict=-5,0 will give results modified between Sep 5 and Sep 10.",
						"required": false,
						"type": "string"
					},
					{
						"name": "exactTerms",
						"in": "query",
						"description": "Identifies a phrase that all documents in the search must contain.",
						"required": false,
						"type": "string"
					},
					{
						"name": "excludeTerms",
						"in": "query",
						"description": "Identifies a word or phrase that should not appear in any documents in the search results.",
						"required": false,
						"type": "string"
					},
					{
						"name": "fileType",
						"in": "query",
						"description": "Restrict results to files of a specific extension.",
						"required": false,
						"type": "string"
					},
					{
						"name": "ft",
						"in": "query",
						"description": "Any IDOL understandable filter",
						"required": false,
						"type": "string"
					},
					{
						"name": "hq",
						"in": "query",
						"description": "Appends the specified query terms to the query, as if they were combined with a logical AND operator.",
						"required": false,
						"type": "string"
					},
					{
						"name": "lr",
						"in": "query",
						"description": "Restricts language to one or more (i.e. English, Arabic, Japanese, etc.)",
						"required": false,
						"type": "string",
						"default": "ENGLISH"
					},
					{
						"name": "orTerms",
						"in": "query",
						"description": "Provides additional search terms to check for in a document, where each document in the search results must contain at least one of the additional search terms.",
						"required": false,
						"type": "string"
					},
					{
						"name": "sort",
						"in": "query",
						"description": "The sort expression to apply to the results.",
						"required": false,
						"type": "string"
					},
					{
						"name": "start",
						"in": "query",
						"description": "The index of the first result to return.  Valid values are integers starting at 1 (default) and the second result is 2 and so forth. &start=11 gives the second page of results with the default \"num\" value of 10 results per page.  Note - No more than 100 results will ever be returned for a query with JSON API even if more than 100 documents match the query. Consequently, seeing (start+num) to more than 100 will produce an error.  The maximum value for num is 10",
						"required": false,
						"type": "integer"
					},
					{
						"name": "fields",
						"in": "query",
						"description": "Fields to return.",
						"required": false,
						"type": "string",
						"default": "TO-DO fill in openSearch default fields"
					},
					{
						"name": "dmref",
						"in": "query",
						"description": "Don't match a URL. Used when you want all but one record.",
						"required": false,
						"type": "boolean"
					},
					{
						"name": "mc",
						"in": "query",
						"description": "Match Country field.  Used when restricting to only one country. ",
						"required": false,
						"type": "string",
						"default": "None"
					},
					{
						"name": "ml",
						"in": "query",
						"description": "Match location field.  Used when restricting to only one Site/Location .",
						"required": false,
						"type": "string",
						"default": "None"
					},
					{
						"name": "mb",
						"in": "query",
						"description": "Match BusinessUnit field with the value passed.",
						"required": false,
						"type": "string",
						"default": "None"
					},
					{
						"name": "score",
						"in": "query",
						"description": "Minimum relevancy score to return results.",
						"required": false,
						"type": "integer",
						"default": 60
					}
				],
				"responses": {
					"200": {
						"description": "OK",
						"schema": {
							"$ref": "#/definitions/SearchResult"
						}
					},
					"401": {
						"description": "Unauthorized"
					},
					"403": {
						"description": "Forbidden"
					},
					"404": {
						"description": "Not Found"
					}
				},
				"security": [
					{
						"Bearer": []
					}
				],
				"x-swagger-router-controller": "QueryApiController"
			}
		}
	},
	"securityDefinitions": {
		"Bearer": {
			"type": "apiKey",
			"name": "Authorization",
			"in": "header"
		}
	},
	"definitions": {
		"HealthStatusResponse": {
			"type": "object",
			"properties": {
				"code": {
					"type": "integer"
				},
				"message": {
					"type": "string"
				},
				"name": {
					"type": "string"
				},
				"version": {
					"$ref": "#/definitions/HealthStatusResponse_version"
				},
				"uptime": {
					"type": "integer",
					"format": "int64"
				},
				"lastStarted": {
					"type": "string",
					"format": "date-time"
				}
			},
			"description": "A source entry defines available sources that may be searched.  It contains the three fields, key (aka ID), the friendly name of the source, and a brief description of the source.",
			"example": {
				"lastStarted": "2000-01-23T04:56:07.000+00:00",
				"code": 0,
				"name": "name",
				"message": "message",
				"version": {
					"major": 6,
					"minor": 1,
					"release": 5
				},
				"uptime": 6
			}
		},
		"HealthStatusResponse_version": {
			"properties": {
				"major": {
					"type": "integer"
				},
				"minor": {
					"type": "integer"
				},
				"release": {
					"type": "integer"
				}
			},
			"example": {
				"major": 6,
				"minor": 1,
				"release": 5
			}
		},
		"SourceEntry": {
			"type": "object",
			"properties": {
				"key": {
					"type": "string"
				},
				"name": {
					"type": "string"
				},
				"description": {
					"type": "string"
				},
				"uri": {
					"type": "string"
				}
			}
		},
		"SourceList": {
			"type": "array",
			"items": {
				"$ref": "#/definitions/SourceEntry"
			}
		},
		"SearchResult": {
			"type": "object",
			"properties": {
				"metaData": {
					"$ref": "#/definitions/SearchMetaData"
				},
				"hits": {
					"type": "array",
					"items": {
						"$ref": "#/definitions/SearchHit"
					}
				},
				"entries": {
					"type": "array",
					"items": {
						"$ref": "#/definitions/SearchResultEntry"
					}
				}
			},
			"description": "Search results in OpenSearch format.",
			"example": {
				"hits": [
					{
						"numHits": 5,
						"source_key": "source_key"
					},
					{
						"numHits": 5,
						"source_key": "source_key"
					}
				],
				"metaData": {
					"totalDocumentsSearched": 6,
					"totalResults": 0,
					"itemsPerPage": 1,
					"query": "{}",
					"relevance": 5.962133916683182
				},
				"entries": [
					{
						"reference": "reference",
						"summary": "summary",
						"startIndex": 9,
						"link": "http://example.com/aeiou",
						"weight": 2.3021358869347655,
						"id": "id",
						"title": "title",
						"updated": "updated",
						"source_key": "source_key",
						"content": "content",
						"relevance": 7.061401241503109
					},
					{
						"reference": "reference",
						"summary": "summary",
						"startIndex": 9,
						"link": "http://example.com/aeiou",
						"weight": 2.3021358869347655,
						"id": "id",
						"title": "title",
						"updated": "updated",
						"source_key": "source_key",
						"content": "content",
						"relevance": 7.061401241503109
					}
				]
			}
		},
		"SearchMetaData": {
			"type": "object",
			"properties": {
				"totalResults": {
					"type": "integer",
					"description": "The total number of results returned"
				},
				"totalDocumentsSearched": {
					"type": "integer",
					"description": "The total number of documents searched."
				},
				"itemsPerPage": {
					"type": "integer",
					"description": "The maximum number of items to be displayed per page."
				},
				"relevance": {
					"type": "number",
					"description": "How relevant the results are to the query"
				},
				"query": {
					"type": "object",
					"description": "The query, with the parameters in KVM format.",
					"properties": {}
				}
			},
			"example": {
				"totalDocumentsSearched": 6,
				"totalResults": 0,
				"itemsPerPage": 1,
				"query": "{}",
				"relevance": 5.962133916683182
			}
		},
		"SearchHit": {
			"type": "object",
			"properties": {
				"source_key": {
					"type": "string",
					"description": "Key name for the source that was searched"
				},
				"numHits": {
					"type": "integer",
					"description": "Number of hits within the source."
				}
			},
			"example": {
				"numHits": 5,
				"source_key": "source_key"
			}
		},
		"SearchResultEntry": {
			"type": "object",
			"properties": {
				"source_key": {
					"type": "string",
					"description": "Source Key name of the source containing the data."
				},
				"title": {
					"type": "string"
				},
				"link": {
					"type": "string",
					"format": "url"
				},
				"id": {
					"type": "string"
				},
				"reference": {
					"type": "string"
				},
				"weight": {
					"type": "number"
				},
				"updated": {
					"type": "string",
					"format": "datetime"
				},
				"summary": {
					"type": "string"
				},
				"content": {
					"type": "string"
				},
				"relevance": {
					"type": "number",
					"description": "The relevance of this result to the query."
				},
				"startIndex": {
					"type": "integer",
					"description": "The character offset in the document to the first relevant search result."
				}
			},
			"example": {
				"reference": "reference",
				"summary": "summary",
				"startIndex": 9,
				"link": "http://example.com/aeiou",
				"weight": 2.3021358869347655,
				"id": "id",
				"title": "title",
				"updated": "updated",
				"source_key": "source_key",
				"content": "content",
				"relevance": 7.061401241503109
			}
		}
	}
}