{
	"info": {
		"_postman_id": "9251d902-a530-4d28-bc00-e5291a433f5f",
		"name": "Platforms-Marketplace-API",
		"schema": "https://schema.getpostman.com/json/collection/v2.1.0/collection.json"
	},
	"item": [
		{
			"name": "Project",
			"item": [
				{
					"name": "Project",
					"request": {
						"method": "POST",
						"header": [
							{
								"key": "Content-Type",
								"name": "Content-Type",
								"value": "application/json",
								"type": "text"
							},
							{
								"key": "platforms-userid",
								"value": "1",
								"type": "text"
							}
						],
						"body": {
							"mode": "raw",
							"raw": "{\n    \"projectName\": \"My test project\",\n    \"projectDescription\": \"A sample project creation for postman\"\n}"
						},
						"url": {
							"raw": "{{asset-host}}:{{asset-catalogue-port}}/{{route-prefix}}/projects",
							"host": [
								"{{asset-host}}"
							],
							"port": "{{asset-catalogue-port}}",
							"path": [
								"{{route-prefix}}",
								"projects"
							]
						}
					},
					"response": []
				},
				{
					"name": "Projects",
					"protocolProfileBehavior": {
						"disableBodyPruning": true
					},
					"request": {
						"method": "GET",
						"header": [
							{
								"key": "Content-Type",
								"name": "Content-Type",
								"value": "application/json",
								"type": "text"
							},
							{
								"key": "platforms-userid",
								"value": "1",
								"type": "text"
							}
						],
						"body": {
							"mode": "raw",
							"raw": "{\n    \"userId\": 1\n}"
						},
						"url": {
							"raw": "{{asset-host}}:{{asset-catalogue-port}}/{{route-prefix}}/projects",
							"host": [
								"{{asset-host}}"
							],
							"port": "{{asset-catalogue-port}}",
							"path": [
								"{{route-prefix}}",
								"projects"
							]
						}
					},
					"response": []
				},
				{
					"name": "Project",
					"request": {
						"method": "PATCH",
						"header": [
							{
								"key": "Content-Type",
								"name": "Content-Type",
								"value": "application/json",
								"type": "text"
							},
							{
								"key": "platforms-userid",
								"value": "1",
								"type": "text"
							}
						],
						"body": {
							"mode": "raw",
							"raw": "{\n\t\"projectName\": \"Project Demo\",\n\t\"projectDescription\": \"new Description\",\n\t\"publishUserId\": 1,\n\t\"airApplicationId\": \"brand new demo app id\",\n\t\"statusId\": 1,\n\t\"activeIndicator\": true\n}"
						},
						"url": {
							"raw": "{{asset-host}}:{{asset-catalogue-port}}/{{route-prefix}}/projects/:projectId",
							"host": [
								"{{asset-host}}"
							],
							"port": "{{asset-catalogue-port}}",
							"path": [
								"{{route-prefix}}",
								"projects",
								":projectId"
							],
							"variable": [
								{
									"key": "projectId",
									"value": "1"
								}
							]
						}
					},
					"response": []
				},
				{
					"name": "Project",
					"protocolProfileBehavior": {
						"disableBodyPruning": true
					},
					"request": {
						"method": "GET",
						"header": [
							{
								"key": "platforms-userid",
								"value": "1",
								"type": "text"
							}
						],
						"body": {
							"mode": "raw",
							"raw": ""
						},
						"url": {
							"raw": "{{asset-host}}:{{asset-catalogue-port}}/{{route-prefix}}/projects/:projectId",
							"host": [
								"{{asset-host}}"
							],
							"port": "{{asset-catalogue-port}}",
							"path": [
								"{{route-prefix}}",
								"projects",
								":projectId"
							],
							"variable": [
								{
									"key": "projectId",
									"value": "1"
								}
							]
						},
						"description": "Krak - 740 (Get Project Details)"
					},
					"response": []
				},
				{
					"name": "Project",
					"request": {
						"method": "DELETE",
						"header": [
							{
								"key": "platforms-userid",
								"value": "1",
								"type": "text"
							}
						],
						"body": {
							"mode": "raw",
							"raw": ""
						},
						"url": {
							"raw": "{{asset-host}}:{{asset-catalogue-port}}/{{route-prefix}}/projects/:projectId",
							"host": [
								"{{asset-host}}"
							],
							"port": "{{asset-catalogue-port}}",
							"path": [
								"{{route-prefix}}",
								"projects",
								":projectId"
							],
							"variable": [
								{
									"key": "projectId",
									"value": "1"
								}
							]
						}
					},
					"response": []
				},
				{
					"name": "Project-Permissions",
					"request": {
						"method": "GET",
						"header": [
							{
								"key": "platforms-userid",
								"value": "1",
								"type": "text"
							}
						],
						"body": {
							"mode": "raw",
							"raw": ""
						},
						"url": {
							"raw": "{{asset-host}}:{{asset-catalogue-port}}/{{route-prefix}}/projects/:projectId/permissions",
							"host": [
								"{{asset-host}}"
							],
							"port": "{{asset-catalogue-port}}",
							"path": [
								"{{route-prefix}}",
								"projects",
								":projectId",
								"permissions"
							],
							"variable": [
								{
									"key": "projectId",
									"value": "1"
								}
							]
						}
					},
					"response": []
				},
				{
					"name": "Project-Users",
					"request": {
						"method": "PUT",
						"header": [
							{
								"key": "Content-Type",
								"name": "Content-Type",
								"value": "application/json",
								"type": "text"
							},
							{
								"key": "platforms-userid",
								"value": "1",
								"type": "text"
							}
						],
						"body": {
							"mode": "raw",
							"raw": "[{\n\t\"mudId\": \"hj883859\",\n\t\"email\": \"hakon.x.jonsson@gsk.com\",\n\t\"fullName\": \"Hakon Jonsson\",\n\t\"roleId\": 1\n},\n{\n\t\"mudId\": \"ksh78068\",\n\t\"email\": \"kevin.s.harrigan@gsk.com\",\n\t\"fullName\": \"Kevin Harrigan\",\n\t\"roleId\": 1\n},\n{\n    \"email\": \"jeffrey.x.taylor@gsk.com\",\n    \"fullName\": \"Jeff Taylor\",\n    \"mudId\": \"jat80080\",\n    \"roleId\": 1\n}\n]"
						},
						"url": {
							"raw": "{{asset-host}}:{{asset-catalogue-port}}/{{route-prefix}}/projects/:projectId/users",
							"host": [
								"{{asset-host}}"
							],
							"port": "{{asset-catalogue-port}}",
							"path": [
								"{{route-prefix}}",
								"projects",
								":projectId",
								"users"
							],
							"variable": [
								{
									"key": "projectId",
									"value": "1"
								}
							]
						}
					},
					"response": []
				},
				{
					"name": "Project-PromoteToQA",
					"request": {
						"method": "POST",
						"header": [
							{
								"key": "platforms-userid",
								"value": "1",
								"type": "text"
							}
						],
						"body": {
							"mode": "raw",
							"raw": ""
						},
						"url": {
							"raw": "{{asset-host}}:{{asset-catalogue-port}}/{{route-prefix}}/projects/environments/:projectEnvId/promotetoqa",
							"host": [
								"{{asset-host}}"
							],
							"port": "{{asset-catalogue-port}}",
							"path": [
								"{{route-prefix}}",
								"projects",
								"environments",
								":projectEnvId",
								"promotetoqa"
							],
							"variable": [
								{
									"key": "projectEnvId",
									"value": "1"
								}
							]
						}
					},
					"response": []
				},
				{
					"name": "Project-PromoteToProd",
					"request": {
						"method": "POST",
						"header": [
							{
								"key": "Content-Type",
								"name": "Content-Type",
								"value": "application/json",
								"type": "text"
							},
							{
								"key": "platforms-userid",
								"value": "1",
								"type": "text"
							}
						],
						"body": {
							"mode": "raw",
							"raw": "{\n\t\"projectDescription\": \"A development app that helps developers develop so developing becomes the developing skill at GSK\",\n\t\"businessJustification\": \"Look above\"\n}"
						},
						"url": {
							"raw": "{{asset-host}}:{{asset-catalogue-port}}/{{route-prefix}}/projects/environments/:projectEnvId/promotetoprod",
							"host": [
								"{{asset-host}}"
							],
							"port": "{{asset-catalogue-port}}",
							"path": [
								"{{route-prefix}}",
								"projects",
								"environments",
								":projectEnvId",
								"promotetoprod"
							],
							"variable": [
								{
									"key": "projectEnvId",
									"value": "5"
								}
							]
						}
					},
					"response": []
				}
			]
		},
		{
			"name": "Project Environment",
			"item": [
				{
					"name": "Project-Environment",
					"request": {
						"method": "GET",
						"header": [
							{
								"key": "platforms-userid",
								"value": "1",
								"type": "text"
							}
						],
						"body": {
							"mode": "raw",
							"raw": ""
						},
						"url": {
							"raw": "{{asset-host}}:{{asset-catalogue-port}}/{{route-prefix}}/projects/:projectId/environments/:projectEnvironmentId",
							"host": [
								"{{asset-host}}"
							],
							"port": "{{asset-catalogue-port}}",
							"path": [
								"{{route-prefix}}",
								"projects",
								":projectId",
								"environments",
								":projectEnvironmentId"
							],
							"variable": [
								{
									"key": "projectId",
									"value": "1"
								},
								{
									"key": "projectEnvironmentId",
									"value": "2"
								}
							]
						}
					},
					"response": []
				},
				{
					"name": "Project-Environment",
					"request": {
						"method": "PATCH",
						"header": [
							{
								"key": "platforms-userid",
								"value": "1",
								"type": "text"
							}
						],
						"body": {
							"mode": "raw",
							"raw": ""
						},
						"url": {
							"raw": "{{asset-host}}:{{asset-catalogue-port}}/{{route-prefix}}/projects/environments/:projectEnvironmentId",
							"host": [
								"{{asset-host}}"
							],
							"port": "{{asset-catalogue-port}}",
							"path": [
								"{{route-prefix}}",
								"projects",
								"environments",
								":projectEnvironmentId"
							],
							"variable": [
								{
									"key": "projectEnvironmentId",
									"value": "1"
								}
							]
						}
					},
					"response": []
				},
				{
					"name": "Project-Environment-Service",
					"request": {
						"method": "POST",
						"header": [
							{
								"key": "Content-Type",
								"name": "Content-Type",
								"type": "text",
								"value": "application/json"
							},
							{
								"key": "platforms-userid",
								"value": "1",
								"type": "text"
							}
						],
						"body": {
							"mode": "raw",
							"raw": ""
						},
						"url": {
							"raw": "{{asset-host}}:{{asset-catalogue-port}}/{{route-prefix}}/projects/:projectId/environments/:projectEnvironmentId/services/:serviceId",
							"host": [
								"{{asset-host}}"
							],
							"port": "{{asset-catalogue-port}}",
							"path": [
								"{{route-prefix}}",
								"projects",
								":projectId",
								"environments",
								":projectEnvironmentId",
								"services",
								":serviceId"
							],
							"variable": [
								{
									"key": "projectId",
									"value": "1"
								},
								{
									"key": "projectEnvironmentId",
									"value": "1"
								},
								{
									"key": "serviceId",
									"value": "1"
								}
							]
						}
					},
					"response": []
				},
				{
					"name": "Project-Environment-Service",
					"request": {
						"method": "DELETE",
						"header": [
							{
								"key": "Content-Type",
								"name": "Content-Type",
								"type": "text",
								"value": "application/json"
							}
						],
						"body": {
							"mode": "raw",
							"raw": ""
						},
						"url": {
							"raw": "{{asset-host}}:{{asset-catalogue-port}}/{{route-prefix}}/projects/121/environments/142/services/2",
							"host": [
								"{{asset-host}}"
							],
							"port": "{{asset-catalogue-port}}",
							"path": [
								"{{route-prefix}}",
								"projects",
								"121",
								"environments",
								"142",
								"services",
								"2"
							]
						}
					},
					"response": []
				},
				{
					"name": "Project-Environment Connection Callback URLs",
					"request": {
						"method": "PUT",
						"header": [
							{
								"key": "platforms-userid",
								"value": "1",
								"type": "text"
							}
						],
						"body": {
							"mode": "raw",
							"raw": ""
						},
						"url": {
							"raw": "{{asset-host}}:{{asset-catalogue-port}}/{{route-prefix}}/projects/:projectId/environments/connections/:connectionId/callbackUrls",
							"host": [
								"{{asset-host}}"
							],
							"port": "{{asset-catalogue-port}}",
							"path": [
								"{{route-prefix}}",
								"projects",
								":projectId",
								"environments",
								"connections",
								":connectionId",
								"callbackUrls"
							],
							"variable": [
								{
									"key": "projectId",
									"value": "1"
								},
								{
									"key": "connectionId",
									"value": "1"
								}
							]
						}
					},
					"response": []
				}
			]
		},
		{
			"name": "Listings",
			"item": [
				{
					"name": "Create Listing",
					"request": {
						"method": "POST",
						"header": [
							{
								"key": "Content-Type",
								"name": "Content-Type",
								"type": "text",
								"value": "application/json"
							}
						],
						"body": {
							"mode": "raw",
							"raw": "{\n    \"listingTypeId\": 0,\n    \"listingType\":0,\n    \"userId\": 0,\n    \"listingDescription\": \"Test on 5-22-19\",\n    \"listingName\": \"a test listing\",\n    \"iconUrl\": \"BEHOLDATEST.com\",\n    \"extendedProperties\": \"{\\\"extended\\\":\\\"properties\\\"}\"\n}"
						},
						"url": {
							"raw": "{{asset-host}}:{{asset-catalogue-port}}/{{route-prefix}}/listings/",
							"host": [
								"{{asset-host}}"
							],
							"port": "{{asset-catalogue-port}}",
							"path": [
								"{{route-prefix}}",
								"listings",
								""
							]
						}
					},
					"response": []
				},
				{
					"name": "Search Listings",
					"request": {
						"method": "POST",
						"header": [
							{
								"key": "Content-Type",
								"name": "Content-Type",
								"value": "application/json",
								"type": "text"
							},
							{
								"key": "userId",
								"value": "1",
								"type": "text",
								"disabled": true
							}
						],
						"body": {
							"mode": "raw",
							"raw": "{\n\t\"filter\": {\n\t\t\"listingName\":\"Listing 1\" \n\t},\n\t\"results\": 10,\n\t\"pageNumber\": 1\n}"
						},
						"url": {
							"raw": "{{asset-host}}:{{asset-catalogue-port}}/{{route-prefix}}/listings/search",
							"host": [
								"{{asset-host}}"
							],
							"port": "{{asset-catalogue-port}}",
							"path": [
								"{{route-prefix}}",
								"listings",
								"search"
							]
						}
					},
					"response": []
				},
				{
					"name": "Get Listing By Id",
					"protocolProfileBehavior": {
						"disableBodyPruning": true
					},
					"request": {
						"method": "GET",
						"header": [],
						"body": {
							"mode": "raw",
							"raw": ""
						},
						"url": {
							"raw": "{{asset-host}}:{{asset-catalogue-port}}/{{route-prefix}}/listings/1",
							"host": [
								"{{asset-host}}"
							],
							"port": "{{asset-catalogue-port}}",
							"path": [
								"{{route-prefix}}",
								"listings",
								"1"
							]
						}
					},
					"response": []
				}
			]
		}
	]
}